feature,count,mean,std,min,p25,p50,p75,max
req_count,"1,540,175",4.71028,10.925639,1,1,2,3,126
error_rate,"1,540,175",0,0,0,0,0,0,0
cost_sum,"1,540,175",201.28915,335.669473,4.15,49.8,99.6,199.2,"5,191.65"
cost_mean,"1,540,175",65.847682,69.647822,4.15,24.9,45.65,81.34,697.2
data_sum,"1,540,175",4.087557,9.285877,0,0.3,1.8,4.05,160.65
data_mean,"1,540,175",1.311846,1.602096,0,0.235714,0.9,2.1,16.35
