Variant,PR-AUC,Precision,Recall,F1,Accuracy,Best_Threshold,Pred_Pos_Rate,Valid_Size,Pos_Rate_Valid
All 6 features (NB),0.977473,0.902853,0.94519,0.92352,0.986713,0.980607,0.08886,"308,035",0.084877
Reduced 3 features (NB),0.990894,0.977234,0.96703,0.971251,0.99514,0.969431,0.084166,"308,035",0.084877
